Year (year),State Name (state_name),State Code (state_code),District Name (district_name),District Code (district_code),Season (season),Crop code (crop_code),Crop name (crop_name),Crop category (crop_type),Area (area),Area unit (area_unit),Production (production),Production unit (production_unit),Yield (yield),Yield unit (yield_unit)
" 2003-04","Madhya Pradesh","23","Vidisha","437","Kharif     ","1010","Niger Seed","Oilseeds","12.0","Hectare","2.0","Tonnes","0.17","Tonnes/Hectare"
" 2007-08","Assam","18","Jorhat","290","Whole Year ","1302","Tobacco","Drugs And Narcotics","7.0","Hectare","5.0","Tonnes","0.71","Tonnes/Hectare"
" 2003-04","Karnataka","29","Udupi","549","Whole Year ","708","Onion","Vegetable","4.0","Hectare","42.0","Tonnes","10.5","Tonnes/Hectare"
" 2010-11","Maharashtra","27","Nandurbar","486","Rabi       ","102","Jowar","Cereals","32700.0","Hectare","41000.0","Tonnes","1.25","Tonnes/Hectare"
" 2009-10","Uttar Pradesh","9","Shahjahanpur","180","Kharif     ","204","Moong(Green Gram)","Pulses","12.0","Hectare","2.0","Tonnes","0.17","Tonnes/Hectare"
" 2004-05","Assam","18","Nagaon","297","Summer     ","101","Rice","Cereals","58736.0","Hectare","134682.0","Tonnes","2.29","Tonnes/Hectare"
" 2019-20","Madhya Pradesh","23","Sagar","425","Kharif     ","101","Rice","Cereals","7185.0","Hectare","10894.0","Tonnes","1.52","Tonnes/Hectare"
" 2015-16","Maharashtra","27","Gondia","476","Kharif     ","204","Moong(Green Gram)","Pulses","600.0","Hectare","200.0","Tonnes","0.33","Tonnes/Hectare"
" 1999-00","Maharashtra","27","Thane","497","Kharif     ","1003","Sesamum","Oilseeds","1100.0","Hectare","400.0","Tonnes","0.36","Tonnes/Hectare"
" 2015-16","Uttar Pradesh","9","Lalitpur","161","Rabi       ","508","Garlic","Spices","3.0","Hectare","17.0","Tonnes","5.67","Tonnes/Hectare"
" 2008-09","Maharashtra","27","Beed","470","Rabi       ","106","Wheat","Cereals","65200.0","Hectare","80300.0","Tonnes","1.23","Tonnes/Hectare"
" 2019-20","Telangana","36","Mahabubabad","688","Rabi       ","1001","Groundnut","Oilseeds","1758.0","Hectare","3079.0","Tonnes","1.75","Tonnes/Hectare"
" 2007-08","West Bengal","19","Purba Bardhaman","306","Kharif     ","508","Garlic","Spices","50.0","Hectare","580.0","Tonnes","11.6","Tonnes/Hectare"
" 2007-08","Tamil Nadu","33","Virudhunagar","597","Whole Year ","1001","Groundnut","Oilseeds","7692.0","Hectare","9098.0","Tonnes","1.18","Tonnes/Hectare"
" 2003-04","Karnataka","29","Chikkamagaluru","532","Kharif     ","1007","Sunflower","Oilseeds","9162.0","Hectare","1854.0","Tonnes","0.2","Tonnes/Hectare"
" 2012-13","Himachal Pradesh","2","Una","26","Rabi       ","106","Wheat","Cereals","31328.0","Hectare","69021.0","Tonnes","2.2","Tonnes/Hectare"
" 2010-11","Madhya Pradesh","23","Neemuch","419","Kharif     ","203","Urad","Pulses","4309.0","Hectare","1959.0","Tonnes","0.45","Tonnes/Hectare"
" 2013-14","Madhya Pradesh","23","Datia","401","Kharif     ","1009","Soyabean","Oilseeds","1769.0","Hectare","1446.0","Tonnes","0.82","Tonnes/Hectare"
" 2013-14","Odisha","21","Jajapur","356","Winter     ","401","Sugarcane","Sugar","1052.0","Hectare","46103.9","Tonnes","43.82","Tonnes/Hectare"
" 2006-07","Gujarat","24","Jamnagar","447","Kharif     ","103","Bajra","Cereals","8600.0","Hectare","11300.0","Tonnes","1.31","Tonnes/Hectare"
" 2009-10","Uttar Pradesh","9","Kushi Nagar","160","Kharif     ","103","Bajra","Cereals","95.0","Hectare","162.0","Tonnes","1.71","Tonnes/Hectare"
" 2001-02","Madhya Pradesh","23","Khargone","414","Kharif     ","1001","Groundnut","Oilseeds","15266.0","Hectare","11596.0","Tonnes","0.76","Tonnes/Hectare"
" 2015-16","Bihar","10","Vaishali","224","Kharif     ","204","Moong(Green Gram)","Pulses","22.0","Hectare","15.0","Tonnes","0.68","Tonnes/Hectare"
" 2005-06","Rajasthan","8","Churu","96","Kharif     ","1003","Sesamum","Oilseeds","655.0","Hectare","97.0","Tonnes","0.15","Tonnes/Hectare"
" 2006-07","Odisha","21","Dhenkanal","352","Summer     ","1001","Groundnut","Oilseeds","1556.0","Hectare","2043.0","Tonnes","1.31","Tonnes/Hectare"
" 2013-14","West Bengal","19","Purba Bardhaman","306","Rabi       ","107","Barley","Cereals","9.0","Hectare","9.0","Tonnes","1.0","Tonnes/Hectare"
" 2009-10","Rajasthan","8","Jaipur","102","Whole Year ","703","Sweet Potato","Vegetable","5.0","Hectare","25207.0","Tonnes","0.0","Tonnes/Hectare"
" 2016-17","Madhya Pradesh","23","Khandwa","408","Whole Year ","508","Garlic","Spices","60.0","Hectare","1020.0","Tonnes","17.0","Tonnes/Hectare"
" 2003-04","Bihar","10","Darbhanga","195","Whole Year ","606","Banana","Fruits","91.0","Hectare","894.0","Tonnes","9.82","Tonnes/Hectare"
" 2004-05","Puducherry","34","Pondicherry","600","Autumn     ","101","Rice","Cereals","5135.0","Hectare","14650.0","Tonnes","2.85","Tonnes/Hectare"
" 2016-17","Telangana","36","Mahabubabad","688","Rabi       ","703","Sweet Potato","Vegetable","7.0","Hectare","53.0","Tonnes","7.57","Tonnes/Hectare"
" 2007-08","Uttar Pradesh","9","Ballia","126","Kharif     ","108","Small Millets","Cereals","81.0","Hectare","49.0","Tonnes","0.6","Tonnes/Hectare"
" 1999-00","Kerala","32","Pathanamthitta","564","Winter     ","101","Rice","Cereals","2680.0","Hectare","6005.0","Tonnes","2.24","Tonnes/Hectare"
" 1997-98","Punjab","3","Ludhiana","36","Whole Year ","401","Sugarcane","Sugar","8000.0","Hectare","470000.0","Tonnes","58.75","Tonnes/Hectare"
" 2004-05","Odisha","21","Nabarangpur","366","Whole Year ","1302","Tobacco","Drugs And Narcotics","139.0","Hectare","63.0","Tonnes","0.45","Tonnes/Hectare"
" 2002-03","Tamil Nadu","33","Perambalur","581","Kharif     ","288","Other Kharif Pulses","Pulses","26.0","Hectare","4.0","Tonnes","0.15","Tonnes/Hectare"
" 2010-11","Karnataka","29","Belagavi","527","Summer     ","701","Potato","Vegetable","3.0","Hectare","46.0","Tonnes","15.33","Tonnes/Hectare"
" 2009-10","Assam","18","Kokrajhar","294","Rabi       ","204","Moong(Green Gram)","Pulses","60.0","Hectare","33.0","Tonnes","0.55","Tonnes/Hectare"
" 2008-09","Madhya Pradesh","23","Bhind","395","Whole Year ","708","Onion","Vegetable","63.0","Hectare","363.0","Tonnes","5.76","Tonnes/Hectare"
" 2006-07","Rajasthan","8","Chittorgarh","95","Kharif     ","503","Ginger","Spices","1.0","Hectare","63.0","Tonnes","0.0","Tonnes/Hectare"
" 2015-16","Gujarat","24","Jamnagar","447","Kharif     ","1002","Castor Seed","Oilseeds","8752.0","Hectare","18491.0","Tonnes","2.11","Tonnes/Hectare"
" 2014-15","Mizoram","15","Lawngtlai","264","Kharif     ","288","Other Kharif Pulses","Pulses","70.0","Hectare","60.0","Tonnes","0.86","Tonnes/Hectare"
" 2012-13","Meghalaya","17","West Garo Hills","278","Whole Year ","501","Black Pepper","Spices","355.0","Hectare","214.0","Tonnes","0.6","Tonnes/Hectare"
" 2014-15","Maharashtra","27","Sangli","493","Kharif     ","104","Maize","Cereals","37100.0","Hectare","146400.0","Tonnes","3.95","Tonnes/Hectare"
" 2007-08","Madhya Pradesh","23","Shivpuri","432","Kharif     ","203","Urad","Pulses","17962.0","Hectare","5193.0","Tonnes","0.29","Tonnes/Hectare"
" 1999-00","Madhya Pradesh","23","Sheopur","431","Rabi       ","107","Barley","Cereals","498.0","Hectare","692.0","Tonnes","1.39","Tonnes/Hectare"
" 2008-09","Arunachal Pradesh","12","Changlang","229","Whole Year ","503","Ginger","Spices","494.0","Hectare","3531.0","Tonnes","7.15","Tonnes/Hectare"
" 2018-19","Tamil Nadu","33","Thiruvallur","589","Kharif     ","203","Urad","Pulses","259.0","Hectare","197.0","Tonnes","0.76","Tonnes/Hectare"
" 2002-03","Bihar","10","Vaishali","224","Whole Year ","701","Potato","Vegetable","6861.0","Hectare","45570.0","Tonnes","6.64","Tonnes/Hectare"
" 2010-11","Madhya Pradesh","23","Sidhi","433","Kharif     ","104","Maize","Cereals","8930.0","Hectare","9543.0","Tonnes","1.07","Tonnes/Hectare"
" 2015-16","Assam","18","Baksa","616","Whole Year ","1302","Tobacco","Drugs And Narcotics","5.0","Hectare","2.0","Tonnes","0.4","Tonnes/Hectare"
" 2007-08","Assam","18","Udalguri","617","Whole Year ","502","Dry Chillies","Spices","809.0","Hectare","502.0","Tonnes","0.62","Tonnes/Hectare"
" 2005-06","Karnataka","29","Raichur","546","Kharif     ","1010","Niger Seed","Oilseeds","9.0","Hectare","1.0","Tonnes","0.11","Tonnes/Hectare"
" 2003-04","Madhya Pradesh","23","Jhabua","412","Whole Year ","401","Sugarcane","Sugar","11.0","Hectare","330.0","Tonnes","30.0","Tonnes/Hectare"
" 2005-06","Madhya Pradesh","23","Khandwa","408","Rabi       ","1004","Rapeseed &Mustard","Oilseeds","17.0","Hectare","11.0","Tonnes","0.65","Tonnes/Hectare"
" 2013-14","Assam","18","Karbi Anglong","292","Whole Year ","503","Ginger","Spices","1566.0","Hectare","12728.0","Tonnes","8.13","Tonnes/Hectare"
" 2005-06","Gujarat","24","Gandhinagar","446","Kharif     ","101","Rice","Cereals","10000.0","Hectare","27200.0","Tonnes","2.72","Tonnes/Hectare"
" 2012-13","Bihar","10","Purbi Champaran","213","Kharif     ","1003","Sesamum","Oilseeds","15.0","Hectare","13.0","Tonnes","0.87","Tonnes/Hectare"
" 2016-17","Nagaland","13","Dimapur","244","Rabi       ","1004","Rapeseed &Mustard","Oilseeds","4310.0","Hectare","4370.0","Tonnes","1.01","Tonnes/Hectare"
" 2016-17","Karnataka","29","Chamarajanagara","531","Rabi       ","201","Gram","Pulses","531.0","Hectare","5.0","Tonnes","0.01","Tonnes/Hectare"
" 2010-11","Telangana","28","Adilabad","501","Kharif     ","202","Arhar/Tur","Pulses","47884.0","Hectare","26193.0","Tonnes","0.55","Tonnes/Hectare"
" 1999-00","Telangana","28","Mahabubnagar","512","Rabi       ","102","Jowar","Cereals","56226.0","Hectare","33061.0","Tonnes","0.59","Tonnes/Hectare"
" 2017-18","Gujarat","24","Bharuch","442","Summer     ","103","Bajra","Cereals","320.0","Hectare","601.0","Tonnes","1.88","Tonnes/Hectare"
" 2017-18","Tamil Nadu","33","Karur","576","Rabi       ","288","Other  Rabi Pulses","Pulses","923.0","Hectare","609.0","Tonnes","0.66","Tonnes/Hectare"
" 2000-01","Gujarat","24","Banas Kantha","441","Whole Year ","1302","Tobacco","Drugs And Narcotics","3000.0","Hectare","5100.0","Tonnes","1.7","Tonnes/Hectare"
" 2015-16","Chhattisgarh","22","Mungeli","647","Rabi       ","213","Peas & Beans (Pulses)","Pulses","243.0","Hectare","96.0","Tonnes","0.4","Tonnes/Hectare"
" 2002-03","Meghalaya","17","East Khasi Hills","274","Whole Year ","606","Banana","Fruits","645.0","Hectare","8478.0","Tonnes","13.14","Tonnes/Hectare"
" 2015-16","Meghalaya","17","South Garo Hills","277","Winter     ","101","Rice","Cereals","3353.0","Hectare","7941.0","Tonnes","2.37","Tonnes/Hectare"
" 2007-08","Gujarat","24","Kachchh","449","Kharif     ","1001","Groundnut","Oilseeds","61700.0","Hectare","90400.0","Tonnes","1.47","Tonnes/Hectare"
" 2007-08","Chhattisgarh","22","Bilaspur","375","Rabi       ","1008","Safflower","Oilseeds","50.0","Hectare","11.0","Tonnes","0.22","Tonnes/Hectare"
" 2014-15","Gujarat","24","Mahisagar","669","Summer     ","1003","Sesamum","Oilseeds","205.0","Hectare","98.0","Tonnes","0.48","Tonnes/Hectare"
" 2001-02","Telangana","28","Mahabubnagar","512","Kharif     ","1007","Sunflower","Oilseeds","17909.0","Hectare","9292.0","Tonnes","0.52","Tonnes/Hectare"
" 2015-16","Karnataka","29","Mandya","544","Whole Year ","503","Ginger","Spices","32.0","Hectare","1195.0","Tonnes","37.34","Tonnes/Hectare"
" 1999-00","Meghalaya","17","East Khasi Hills","274","Kharif     ","104","Maize","Cereals","1900.0","Hectare","3784.0","Tonnes","1.99","Tonnes/Hectare"
" 2009-10","Chhattisgarh","22","Raigarh","386","Kharif     ","1010","Niger Seed","Oilseeds","1264.0","Hectare","210.0","Tonnes","0.17","Tonnes/Hectare"
" 2002-03","Karnataka","29","Bengaluru Urban","525","Whole Year ","606","Banana","Fruits","345.0","Hectare","7631.0","Tonnes","22.12","Tonnes/Hectare"
" 2012-13","Maharashtra","27","Akola","467","Kharif     ","288","Other Kharif Pulses","Pulses","500.0","Hectare","300.0","Tonnes","0.6","Tonnes/Hectare"
" 2000-01","Chhattisgarh","22","Kanker","382","Rabi       ","205","Masoor","Pulses","57.0","Hectare","13.0","Tonnes","0.23","Tonnes/Hectare"
" 1998-99","Kerala","32","Kannur","557","Whole Year ","506","Cardamom","Spices","128.0","Hectare","4556.0","Tonnes","0.0","Tonnes/Hectare"
" 2017-18","Assam","18","Kokrajhar","294","Kharif     ","1003","Sesamum","Oilseeds","512.0","Hectare","377.0","Tonnes","0.74","Tonnes/Hectare"
" 2002-03","Assam","18","Sonitpur","301","Whole Year ","1302","Tobacco","Drugs And Narcotics","87.0","Hectare","46.0","Tonnes","0.53","Tonnes/Hectare"
" 2019-20","Tamil Nadu","33","Villupuram","596","Kharif     ","203","Urad","Pulses","4567.0","Hectare","3054.0","Tonnes","0.67","Tonnes/Hectare"
" 2003-04","Tamil Nadu","33","Namakkal","580","Kharif     ","1101","Cotton(Lint)","Fiber Crops","2699.0","Hectare","4556.0","Tonnes","1.69","Tonnes/Hectare"
" 2003-04","Rajasthan","8","Dungarpur","99","Kharif     ","288","Other Kharif Pulses","Pulses","232.0","Hectare","182.0","Tonnes","0.78","Tonnes/Hectare"
" 2001-02","Kerala","32","Ernakulam","555","Whole Year ","504","Turmeric","Spices","639.0","Hectare","1456.0","Tonnes","2.28","Tonnes/Hectare"
" 2016-17","Kerala","32","Thrissur","566","Whole Year ","1003","Sesamum","Oilseeds","2.05","Hectare","0.12","Tonnes","0.0","Tonnes/Hectare"
" 2010-11","Odisha","21","Boudh","349","Summer     ","204","Moong(Green Gram)","Pulses","1351.0","Hectare","345.9","Tonnes","0.26","Tonnes/Hectare"
" 2002-03","Telangana","28","Adilabad","501","Kharif     ","288","Other Kharif Pulses","Pulses","1852.0","Hectare","328.0","Tonnes","0.18","Tonnes/Hectare"
" 2013-14","Bihar","10","Purbi Champaran","213","Rabi       ","288","Other  Rabi Pulses","Pulses","43.0","Hectare","43.0","Tonnes","1.0","Tonnes/Hectare"
" 2011-12","Andhra Pradesh","28","West Godavari","523","Kharif     ","204","Moong(Green Gram)","Pulses","106.0","Hectare","62.0","Tonnes","0.58","Tonnes/Hectare"
" 2019-20","Rajasthan","8","Banswara","88","Whole Year ","701","Potato","Vegetable","3.0","Hectare","3.0","Tonnes","1.0","Tonnes/Hectare"
" 2019-20","Uttarakhand","5","Pauri Garhwal","52","Kharif     ","105","Ragi","Cereals","15195.0","Hectare","21016.0","Tonnes","1.38","Tonnes/Hectare"
" 2016-17","Bihar","10","Kishanganj","203","Summer     ","104","Maize","Cereals","1913.0","Hectare","12064.0","Tonnes","6.31","Tonnes/Hectare"
" 2008-09","Madhya Pradesh","23","Bhind","395","Rabi       ","213","Peas & Beans (Pulses)","Pulses","3182.0","Hectare","1668.0","Tonnes","0.52","Tonnes/Hectare"
" 2008-09","Meghalaya","17","West Khasi Hills","279","Kharif     ","503","Ginger","Spices","319.0","Hectare","1942.0","Tonnes","6.09","Tonnes/Hectare"
" 2020-21","Uttarakhand","5","Tehri Garhwal","55","Whole Year ","503","Ginger","Spices","255.0","Hectare","4292.0","Tonnes","16.83","Tonnes/Hectare"
" 2016-17","Uttar Pradesh","9","Shamli","660","Rabi       ","701","Potato","Vegetable","536.0","Hectare","15394.0","Tonnes","28.72","Tonnes/Hectare"
" 1997-98","Bihar","10","Bhojpur","193","Kharif     ","108","Small Millets","Cereals","44.0","Hectare","49.0","Tonnes","1.11","Tonnes/Hectare"
" 2005-06","Assam","18","Nagaon","297","Whole Year ","504","Turmeric","Spices","1302.0","Hectare","834.0","Tonnes","0.64","Tonnes/Hectare"
" 2009-10","Uttar Pradesh","9","Hardoi","150","Kharif     ","202","Arhar/Tur","Pulses","3157.0","Hectare","2299.0","Tonnes","0.73","Tonnes/Hectare"
" 2014-15","Uttar Pradesh","9","Basti","131","Rabi       ","509","Coriander","Spices","52.0","Hectare","25.0","Tonnes","0.48","Tonnes/Hectare"
" 2002-03","West Bengal","19","Bankura","305","Rabi       ","502","Dry Chillies","Spices","777.0","Hectare","736.0","Tonnes","0.95","Tonnes/Hectare"
" 2014-15","Uttar Pradesh","9","Agra","118","Kharif     ","204","Moong(Green Gram)","Pulses","96.0","Hectare","31.0","Tonnes","0.32","Tonnes/Hectare"
" 2004-05","Uttar Pradesh","9","Etah","138","Kharif     ","1001","Groundnut","Oilseeds","592.0","Hectare","487.0","Tonnes","0.82","Tonnes/Hectare"
" 2015-16","Manipur","14","Imphal West","256","Whole Year ","606","Banana","Fruits","832.0","Hectare","11229.51","Tonnes","13.5","Tonnes/Hectare"
" 2005-06","Andhra Pradesh","28","Kurnool","511","Rabi       ","206","Horse-Gram","Pulses","1406.0","Hectare","531.0","Tonnes","0.38","Tonnes/Hectare"
" 2008-09","Bihar","10","Bhagalpur","192","Rabi       ","701","Potato","Vegetable","923.0","Hectare","4920.0","Tonnes","5.33","Tonnes/Hectare"
" 2016-17","Uttar Pradesh","9","Ghazipur","146","Summer     ","203","Urad","Pulses","626.0","Hectare","438.0","Tonnes","0.7","Tonnes/Hectare"
" 1999-00","Punjab","3","Mansa","37","Rabi       ","1004","Rapeseed &Mustard","Oilseeds","4000.0","Hectare","4000.0","Tonnes","1.0","Tonnes/Hectare"
" 2016-17","Punjab","3","Amritsar","27","Rabi       ","205","Masoor","Pulses","100.0","Hectare","40000.0","Tonnes","0.0","Tonnes/Hectare"
" 1997-98","Gujarat","24","Jamnagar","447","Summer     ","1001","Groundnut","Oilseeds","1400.0","Hectare","2200.0","Tonnes","1.57","Tonnes/Hectare"
" 2019-20","Karnataka","29","Chikkamagaluru","532","Kharif     ","1101","Cotton(Lint)","Fiber Crops","1063.0","Hectare","2020.0","Tonnes","1.9","Tonnes/Hectare"
" 2010-11","Karnataka","29","Koppal","543","Kharif     ","1010","Niger Seed","Oilseeds","1320.0","Hectare","350.0","Tonnes","0.27","Tonnes/Hectare"
" 2007-08","Assam","18","Goalpara","287","Kharif     ","108","Small Millets","Cereals","340.0","Hectare","135.0","Tonnes","0.4","Tonnes/Hectare"
" 1998-99","Maharashtra","27","Ahmednagar","466","Kharif     ","1003","Sesamum","Oilseeds","900.0","Hectare","300.0","Tonnes","0.33","Tonnes/Hectare"
" 2006-07","Uttar Pradesh","9","Kheri","159","Kharif     ","401","Sugarcane","Sugar","227118.0","Hectare","13423582.0","Tonnes","59.1","Tonnes/Hectare"
" 2003-04","Bihar","10","Sheohar","220","Whole Year ","1302","Tobacco","Drugs And Narcotics","49.0","Hectare","54.0","Tonnes","1.1","Tonnes/Hectare"
" 2005-06","Bihar","10","Saran","218","Kharif     ","105","Ragi","Cereals","566.0","Hectare","445.0","Tonnes","0.79","Tonnes/Hectare"
" 2001-02","Gujarat","24","Kachchh","449","Kharif     ","1001","Groundnut","Oilseeds","68600.0","Hectare","78000.0","Tonnes","1.14","Tonnes/Hectare"
" 2004-05","Uttar Pradesh","9","Mau","168","Kharif     ","108","Small Millets","Cereals","35.0","Hectare","14.0","Tonnes","0.4","Tonnes/Hectare"
" 2005-06","Bihar","10","Madhubani","206","Rabi       ","205","Masoor","Pulses","6934.0","Hectare","2732.0","Tonnes","0.39","Tonnes/Hectare"
" 2002-03","Haryana","6","Panipat","71","Rabi       ","107","Barley","Cereals","77.0","Hectare","0.0","Tonnes","0.0","Tonnes/Hectare"
" 2006-07","Arunachal Pradesh","12","Lower Dibang Valley","235","Whole Year ","502","Dry Chillies","Spices","60.0","Hectare","72.0","Tonnes","1.2","Tonnes/Hectare"
" 1999-00","Rajasthan","8","Sawai Madhopur","113","Whole Year ","508","Garlic","Spices","87.0","Hectare","174.0","Tonnes","2.0","Tonnes/Hectare"
" 1997-98","Odisha","21","Nayagarh","367","Autumn     ","203","Urad","Pulses","34.0","Hectare","11.0","Tonnes","0.32","Tonnes/Hectare"
" 2011-12","Uttar Pradesh","9","Sultanpur","185","Rabi       ","201","Gram","Pulses","2448.0","Hectare","3235.0","Tonnes","1.32","Tonnes/Hectare"
" 2010-11","Odisha","21","Sonepur","372","Winter     ","1003","Sesamum","Oilseeds","194.0","Hectare","22.9","Tonnes","0.12","Tonnes/Hectare"
" 2003-04","Odisha","21","Rayagada","370","Rabi       ","201","Gram","Pulses","190.0","Hectare","80.0","Tonnes","0.42","Tonnes/Hectare"
" 2013-14","Odisha","21","Jajapur","356","Autumn     ","101","Rice","Cereals","15000.0","Hectare","18000.0","Tonnes","1.2","Tonnes/Hectare"
" 2014-15","West Bengal","19","Coochbehar","308","Rabi       ","205","Masoor","Pulses","219.0","Hectare","117.0","Tonnes","0.53","Tonnes/Hectare"
" 2015-16","Assam","18","Dhubri","285","Rabi       ","203","Urad","Pulses","6535.0","Hectare","4337.0","Tonnes","0.66","Tonnes/Hectare"
" 2002-03","Gujarat","24","Kheda","450","Summer     ","1001","Groundnut","Oilseeds","300.0","Hectare","600.0","Tonnes","2.0","Tonnes/Hectare"
" 2016-17","Jammu And Kashmir","1","Udhampur","14","Kharif     ","104","Maize","Cereals","36307.0","Hectare","95968.0","Tonnes","2.64","Tonnes/Hectare"
" 1999-00","Andhra Pradesh","28","Kadapa","746","Rabi       ","1001","Groundnut","Oilseeds","25822.0","Hectare","40308.0","Tonnes","1.56","Tonnes/Hectare"
" 2007-08","Rajasthan","8","Churu","96","Kharif     ","204","Moong(Green Gram)","Pulses","34525.0","Hectare","14214.0","Tonnes","0.41","Tonnes/Hectare"
" 1997-98","Karnataka","29","Chitradurga","533","Kharif     ","104","Maize","Cereals","109411.0","Hectare","261359.0","Tonnes","2.39","Tonnes/Hectare"
" 2017-18","Himachal Pradesh","2","Bilaspur","15","Kharif     ","1003","Sesamum","Oilseeds","7.0","Hectare","3.0","Tonnes","0.43","Tonnes/Hectare"
" 2000-01","Rajasthan","8","Jhunjhunu","106","Kharif     ","204","Moong(Green Gram)","Pulses","22787.0","Hectare","4467.0","Tonnes","0.2","Tonnes/Hectare"
" 2005-06","Uttar Pradesh","9","Sant Kabeer Nagar","178","Whole Year ","509","Coriander","Spices","18.0","Hectare","10.0","Tonnes","0.56","Tonnes/Hectare"
" 2019-20","Maharashtra","27","Ahmednagar","466","Kharif     ","288","Other Kharif Pulses","Pulses","10338.0","Hectare","1257.0","Tonnes","0.12","Tonnes/Hectare"
" 2017-18","Tripura","16","South Tripura","271","Kharif     ","1101","Cotton(Lint)","Fiber Crops","86.0","Hectare","117.0","Tonnes","1.36","Tonnes/Hectare"
" 2017-18","Andhra Pradesh","28","Kurnool","511","Whole Year ","1006","Coconut","Oilseeds","14.0","Hectare","31700000.0","Tonnes","0.0","Tonnes/Hectare"
" 2001-02","Rajasthan","8","Hanumangarh","101","Rabi       ","213","Peas & Beans (Pulses)","Pulses","44.0","Hectare","88.0","Tonnes","2.0","Tonnes/Hectare"
" 2014-15","Jharkhand","20","Dumka","326","Autumn     ","101","Rice","Cereals","4567.0","Hectare","4704.0","Tonnes","1.03","Tonnes/Hectare"
" 2019-20","Gujarat","24","Surendranagar","460","Rabi       ","1004","Rapeseed &Mustard","Oilseeds","662.0","Hectare","1279.0","Tonnes","1.93","Tonnes/Hectare"
" 1998-99","Tamil Nadu","33","Thanjavur","586","Kharif     ","101","Rice","Cereals","194652.0","Hectare","674525.0","Tonnes","3.47","Tonnes/Hectare"
" 2009-10","Odisha","21","Nuapada","368","Winter     ","1001","Groundnut","Oilseeds","45.0","Hectare","60.2","Tonnes","1.34","Tonnes/Hectare"
" 2003-04","Uttarakhand","5","Nainital","51","Rabi       ","205","Masoor","Pulses","551.0","Hectare","385.0","Tonnes","0.7","Tonnes/Hectare"
" 2000-01","Madhya Pradesh","23","Harda","408","Kharif     ","1010","Niger Seed","Oilseeds","55.0","Hectare","14.0","Tonnes","0.25","Tonnes/Hectare"
" 2001-02","Bihar","10","Saran","218","Autumn     ","104","Maize","Cereals","18821.0","Hectare","29542.0","Tonnes","1.57","Tonnes/Hectare"
" 2014-15","Assam","18","Nagaon","297","Kharif     ","1102","Jute","Fiber Crops","9771.0","Hectare","165838.0","Tonnes","16.97","Tonnes/Hectare"
" 2017-18","Andhra Pradesh","28","Kurnool","511","Rabi       ","1302","Tobacco","Drugs And Narcotics","4802.0","Hectare","6689.0","Tonnes","1.39","Tonnes/Hectare"
" 2009-10","Uttar Pradesh","9","Kanpur Dehat","156","Rabi       ","508","Garlic","Spices","119.0","Hectare","632.0","Tonnes","5.31","Tonnes/Hectare"
" 1998-99","Rajasthan","8","Barmer","90","Rabi       ","107","Barley","Cereals","38.0","Hectare","75.0","Tonnes","1.97","Tonnes/Hectare"
" 2010-11","Chhattisgarh","22","Durg","378","Rabi       ","201","Gram","Pulses","101151.0","Hectare","96159.0","Tonnes","0.95","Tonnes/Hectare"
" 2014-15","Madhya Pradesh","23","Khargone","414","Kharif     ","103","Bajra","Cereals","2000.0","Hectare","3000.0","Tonnes","1.5","Tonnes/Hectare"
" 1997-98","West Bengal","19","Murshidabad","319","Whole Year ","507","Arecanut","Spices","56.0","Hectare","38.0","Tonnes","0.68","Tonnes/Hectare"
" 2010-11","Tamil Nadu","33","Ariyalur","610","Kharif     ","202","Arhar/Tur","Pulses","209.0","Hectare","138.0","Tonnes","0.66","Tonnes/Hectare"
" 2000-01","West Bengal","19","Murshidabad","319","Kharif     ","503","Ginger","Spices","255.0","Hectare","336.0","Tonnes","1.32","Tonnes/Hectare"
" 2002-03","Andhra Pradesh","28","Krishna","510","Whole Year ","509","Coriander","Spices","14.0","Hectare","8.0","Tonnes","0.57","Tonnes/Hectare"
" 2007-08","Karnataka","29","Udupi","549","Whole Year ","501","Black Pepper","Spices","293.0","Hectare","914.0","Tonnes","3.12","Tonnes/Hectare"
" 2017-18","Uttar Pradesh","9","Kushi Nagar","160","Rabi       ","104","Maize","Cereals","3874.0","Hectare","13807.0","Tonnes","3.56","Tonnes/Hectare"
" 2009-10","Bihar","10","Siwan","222","Autumn     ","104","Maize","Cereals","8675.0","Hectare","28438.0","Tonnes","3.28","Tonnes/Hectare"
" 2017-18","Uttar Pradesh","9","Bareilly","130","Rabi       ","1004","Rapeseed &Mustard","Oilseeds","15509.0","Hectare","27605.0","Tonnes","1.78","Tonnes/Hectare"
" 2016-17","Jharkhand","20","Sahebganj","340","Rabi       ","708","Onion","Vegetable","74.0","Hectare","842.0","Tonnes","11.38","Tonnes/Hectare"
" 2004-05","Kerala","32","Kozhikode","561","Whole Year ","619","Cashewnut","Fruits","3552.0","Hectare","2063.0","Tonnes","0.58","Tonnes/Hectare"
" 1999-00","Madhya Pradesh","23","Dakshin Bastar Dantewada","401","Whole Year ","401","Sugarcane","Sugar","2.0","Hectare","50.0","Tonnes","25.0","Tonnes/Hectare"
" 2015-16","Andhra Pradesh","28","Anantapur","502","Kharif     ","502","Dry Chillies","Spices","3628.0","Hectare","11080.0","Tonnes","3.05","Tonnes/Hectare"
" 2007-08","Chhattisgarh","22","Korea","384","Rabi       ","288","Other  Rabi Pulses","Pulses","205.0","Hectare","16.0","Tonnes","0.0","Tonnes/Hectare"
" 2015-16","Gujarat","24","Surat","459","Rabi       ","288","Other  Rabi Pulses","Pulses","365.0","Hectare","243.0","Tonnes","0.67","Tonnes/Hectare"
" 2002-03","Andhra Pradesh","28","Sri Potti Sriramulu Nellore","515","Whole Year ","509","Coriander","Spices","33.0","Hectare","18.0","Tonnes","0.55","Tonnes/Hectare"
" 2014-15","Chhattisgarh","22","Janjgir-Champa","379","Whole Year ","708","Onion","Vegetable","381.0","Hectare","3373.0","Tonnes","8.85","Tonnes/Hectare"
" 2018-19","Gujarat","24","Porbandar","456","Kharif     ","1001","Groundnut","Oilseeds","75889.0","Hectare","106508.0","Tonnes","1.4","Tonnes/Hectare"
" 1997-98","Odisha","21","Sambalpur","371","Winter     ","1001","Groundnut","Oilseeds","39.0","Hectare","45.0","Tonnes","1.15","Tonnes/Hectare"
" 2019-20","Uttarakhand","5","Pithoragarh","53","Kharif     ","104","Maize","Cereals","3252.0","Hectare","6205.0","Tonnes","1.91","Tonnes/Hectare"
" 2017-18","Andhra Pradesh","28","Srikakulam","519","Rabi       ","1003","Sesamum","Oilseeds","7676.0","Hectare","1504.0","Tonnes","0.2","Tonnes/Hectare"
" 2006-07","Uttar Pradesh","9","Shahjahanpur","180","Rabi       ","201","Gram","Pulses","324.0","Hectare","236.0","Tonnes","0.73","Tonnes/Hectare"
" 2012-13","Andaman And Nicobar Islands","35","South Andamans","602","Rabi       ","503","Ginger","Spices","93.0","Hectare","829.0","Tonnes","8.91","Tonnes/Hectare"
" 2007-08","West Bengal","19","South 24 Parganas","304","Rabi       ","107","Barley","Cereals","17.0","Hectare","15.0","Tonnes","0.88","Tonnes/Hectare"
" 2008-09","Mizoram","15","Mamit","266","Kharif     ","1088","Other Oilseeds","Oilseeds","688.0","Hectare","395.0","Tonnes","0.57","Tonnes/Hectare"
" 2018-19","Madhya Pradesh","23","Agar Malwa","667","Kharif     ","103","Bajra","Cereals","12.0","Hectare","13.0","Tonnes","1.08","Tonnes/Hectare"
" 2012-13","Haryana","6","Kaithal","66","Kharif     ","203","Urad","Pulses","5.0","Hectare","1.0","Tonnes","0.2","Tonnes/Hectare"
" 2015-16","Gujarat","24","Chhotaudepur","668","Summer     ","104","Maize","Cereals","1980.0","Hectare","4247.0","Tonnes","2.14","Tonnes/Hectare"
" 2011-12","Uttarakhand","5","Pithoragarh","53","Kharif     ","101","Rice","Cereals","21606.0","Hectare","27841.0","Tonnes","1.29","Tonnes/Hectare"
" 2002-03","Uttar Pradesh","9","Gautam Buddha Nagar","144","Whole Year ","401","Sugarcane","Sugar","3385.0","Hectare","210647.0","Tonnes","62.23","Tonnes/Hectare"
" 1997-98","Odisha","21","Nayagarh","367","Summer     ","104","Maize","Cereals","3.0","Hectare","2.0","Tonnes","0.67","Tonnes/Hectare"
" 2008-09","Madhya Pradesh","23","Jhabua","412","Whole Year ","504","Turmeric","Spices","2.0","Hectare","2.0","Tonnes","1.0","Tonnes/Hectare"
" 1998-99","Haryana","6","Kaithal","66","Kharif     ","102","Jowar","Cereals","225.0","Hectare","8000.0","Tonnes","0.0","Tonnes/Hectare"
" 2005-06","Uttar Pradesh","9","Sultanpur","185","Rabi       ","106","Wheat","Cereals","164944.0","Hectare","425554.0","Tonnes","2.58","Tonnes/Hectare"
" 2004-05","Rajasthan","8","Dholpur","98","Whole Year ","1104","Sannhamp","Fiber Crops","4.0","Hectare","2.0","Tonnes","0.0","Tonnes/Hectare"
" 2017-18","Telangana","36","Nirmal","680","Rabi       ","204","Moong(Green Gram)","Pulses","130.0","Hectare","108.0","Tonnes","0.83","Tonnes/Hectare"
" 2012-13","Gujarat","24","Gandhinagar","446","Whole Year ","701","Potato","Vegetable","5900.0","Hectare","147500.0","Tonnes","25.0","Tonnes/Hectare"
" 2012-13","Uttar Pradesh","9","Gorakhpur","148","Summer     ","708","Onion","Vegetable","120.0","Hectare","1306.0","Tonnes","10.88","Tonnes/Hectare"
" 2006-07","Tamil Nadu","33","Nagapattinam","579","Whole Year ","1001","Groundnut","Oilseeds","3119.0","Hectare","11853.0","Tonnes","3.8","Tonnes/Hectare"
" 2015-16","Odisha","21","Deogarh","351","Winter     ","104","Maize","Cereals","2.0","Hectare","2.7","Tonnes","1.35","Tonnes/Hectare"
" 2019-20","West Bengal","19","Alipurduar","664","Rabi       ","1004","Rapeseed &Mustard","Oilseeds","4930.0","Hectare","3761.0","Tonnes","0.76","Tonnes/Hectare"
" 2003-04","Rajasthan","8","Hanumangarh","101","Rabi       ","201","Gram","Pulses","232135.0","Hectare","59228.0","Tonnes","0.26","Tonnes/Hectare"
" 2008-09","Chhattisgarh","22","Dhamtari","377","Rabi       ","1004","Rapeseed &Mustard","Oilseeds","3955.0","Hectare","1545.0","Tonnes","0.39","Tonnes/Hectare"
" 2008-09","Andhra Pradesh","28","East Godavari","505","Whole Year ","703","Sweet Potato","Vegetable","83.0","Hectare","1129.0","Tonnes","13.6","Tonnes/Hectare"
" 2015-16","Bihar","10","Muzaffarpur","208","Rabi       ","104","Maize","Cereals","10986.0","Hectare","24466.0","Tonnes","2.23","Tonnes/Hectare"
" 2000-01","Bihar","10","Pashchim Champaran","211","Whole Year ","508","Garlic","Spices","666.0","Hectare","1008.0","Tonnes","1.51","Tonnes/Hectare"
" 2016-17","Gujarat","24","Dohad","445","Kharif     ","104","Maize","Cereals","111820.0","Hectare","160733.0","Tonnes","1.44","Tonnes/Hectare"
" 2011-12","Karnataka","29","Tumakuru","548","Kharif     ","202","Arhar/Tur","Pulses","14476.0","Hectare","4868.0","Tonnes","0.34","Tonnes/Hectare"
" 2012-13","Assam","18","Hailakandi","289","Rabi       ","507","Arecanut","Spices","2925.0","Hectare","1294.0","Tonnes","0.44","Tonnes/Hectare"
" 2004-05","Madhya Pradesh","23","Shivpuri","432","Kharif     ","104","Maize","Cereals","25507.0","Hectare","41288.0","Tonnes","1.62","Tonnes/Hectare"
" 2013-14","Haryana","6","Rewari","72","Kharif     ","202","Arhar/Tur","Pulses","100.0","Hectare","100.0","Tonnes","1.0","Tonnes/Hectare"
" 2016-17","Maharashtra","27","Nandurbar","486","Summer     ","1007","Sunflower","Oilseeds","70.0","Hectare","50.0","Tonnes","0.71","Tonnes/Hectare"
" 2009-10","Andhra Pradesh","28","Visakhapatanam","520","Rabi       ","204","Moong(Green Gram)","Pulses","1968.0","Hectare","785.0","Tonnes","0.4","Tonnes/Hectare"
" 2016-17","Madhya Pradesh","23","Raisen","421","Rabi       ","201","Gram","Pulses","120000.0","Hectare","179000.0","Tonnes","1.49","Tonnes/Hectare"
" 2019-20","Uttarakhand","5","Tehri Garhwal","55","Rabi       ","188","Other Cereals","Cereals","55.0","Hectare","44.0","Tonnes","0.8","Tonnes/Hectare"
" 2008-09","Odisha","21","Bhadrak","348","Autumn     ","1102","Jute","Fiber Crops","58.0","Hectare","370.0","Tonnes","6.38","Tonnes/Hectare"
" 2000-01","Karnataka","29","Belagavi","527","Whole Year ","708","Onion","Vegetable","2452.0","Hectare","7783.0","Tonnes","3.17","Tonnes/Hectare"
" 2014-15","Jammu And Kashmir","1","Badgam","2","Kharif     ","701","Potato","Vegetable","17.0","Hectare","74.8","Tonnes","4.4","Tonnes/Hectare"
" 2013-14","Rajasthan","8","Nagaur","110","Kharif     ","209","Moth","Pulses","149677.0","Hectare","26052.0","Tonnes","0.17","Tonnes/Hectare"
" 2006-07","Rajasthan","8","Chittorgarh","95","Kharif     ","102","Jowar","Cereals","10294.0","Hectare","7939.0","Tonnes","0.77","Tonnes/Hectare"
" 2012-13","Tamil Nadu","33","Tirunelveli","592","Kharif     ","1007","Sunflower","Oilseeds","425.0","Hectare","349.0","Tonnes","0.82","Tonnes/Hectare"
" 2003-04","Madhya Pradesh","23","Panna","420","Rabi       ","1004","Rapeseed &Mustard","Oilseeds","3190.0","Hectare","1210.0","Tonnes","0.38","Tonnes/Hectare"
" 2018-19","Karnataka","29","Dakshina Kannada","534","Whole Year ","501","Black Pepper","Spices","5322.0","Hectare","1053.8","Tonnes","0.2","Tonnes/Hectare"
" 2006-07","Madhya Pradesh","23","Datia","401","Kharif     ","202","Arhar/Tur","Pulses","1471.0","Hectare","730.0","Tonnes","0.5","Tonnes/Hectare"
" 2003-04","Nagaland","13","Zunheboto","251","Rabi       ","104","Maize","Cereals","20.0","Hectare","30.0","Tonnes","1.5","Tonnes/Hectare"
" 2018-19","Arunachal Pradesh","12","Anjaw","628","Kharif     ","1009","Soyabean","Oilseeds","21.0","Hectare","30.0","Tonnes","1.43","Tonnes/Hectare"
" 2011-12","Bihar","10","Bhojpur","193","Kharif     ","102","Jowar","Cereals","826.0","Hectare","880.0","Tonnes","1.07","Tonnes/Hectare"
" 2014-15","Uttar Pradesh","9","Ambedkar Nagar","121","Kharif     ","703","Sweet Potato","Vegetable","9.0","Hectare","111.0","Tonnes","12.33","Tonnes/Hectare"
" 2012-13","Karnataka","29","Mysuru","545","Whole Year ","507","Arecanut","Spices","1527.0","Hectare","12256.0","Tonnes","8.03","Tonnes/Hectare"
" 2008-09","Uttar Pradesh","9","Mau","168","Rabi       ","509","Coriander","Spices","15.0","Hectare","9.0","Tonnes","0.6","Tonnes/Hectare"
" 2018-19","Tamil Nadu","33","Tiruchirappalli","591","Kharif     ","203","Urad","Pulses","430.0","Hectare","326.0","Tonnes","0.76","Tonnes/Hectare"
" 2007-08","Jharkhand","20","East Singhbum","327","Rabi       ","202","Arhar/Tur","Pulses","117.17","Hectare","141.0","Tonnes","1.2","Tonnes/Hectare"
" 2017-18","Madhya Pradesh","23","Shajapur","430","Kharif     ","102","Jowar","Cereals","1000.0","Hectare","1950.0","Tonnes","1.95","Tonnes/Hectare"
" 2017-18","Nagaland","13","Kohima","245","Rabi       ","204","Moong(Green Gram)","Pulses","2500.0","Hectare","2430.0","Tonnes","0.97","Tonnes/Hectare"
" 2005-06","Mizoram","15","Mamit","266","Kharif     ","203","Urad","Pulses","13.0","Hectare","17.0","Tonnes","1.31","Tonnes/Hectare"
" 2016-17","Tamil Nadu","33","Tiruvannamalai","593","Whole Year ","702","Tapioca","Vegetable","1532.0","Hectare","48332.0","Tonnes","31.55","Tonnes/Hectare"
" 2011-12","Rajasthan","8","Hanumangarh","101","Whole Year ","502","Dry Chillies","Spices","60.0","Hectare","43.0","Tonnes","0.72","Tonnes/Hectare"
" 2004-05","Rajasthan","8","Alwar","87","Rabi       ","205","Masoor","Pulses","161.0","Hectare","160.0","Tonnes","0.99","Tonnes/Hectare"
" 2002-03","Chhattisgarh","22","Raigarh","386","Kharif     ","1003","Sesamum","Oilseeds","3513.0","Hectare","976.0","Tonnes","0.28","Tonnes/Hectare"
" 2015-16","Chhattisgarh","22","Rajnandgaon","388","Whole Year ","703","Sweet Potato","Vegetable","15.0","Hectare","110.0","Tonnes","7.33","Tonnes/Hectare"
" 2005-06","Maharashtra","27","Raigad","491","Kharif     ","108","Small Millets","Cereals","4500.0","Hectare","1900.0","Tonnes","0.42","Tonnes/Hectare"
" 2011-12","Bihar","10","Nalanda","209","Rabi       ","1005","Linseed","Oilseeds","5.0","Hectare","4.0","Tonnes","0.8","Tonnes/Hectare"
" 2008-09","Andhra Pradesh","28","Visakhapatanam","520","Whole Year ","703","Sweet Potato","Vegetable","152.0","Hectare","394.0","Tonnes","2.59","Tonnes/Hectare"
" 2016-17","Nagaland","13","Mon","247","Kharif     ","206","Horse-Gram","Pulses","50.0","Hectare","50.0","Tonnes","1.0","Tonnes/Hectare"
" 1999-00","Uttar Pradesh","9","Moradabad","171","Kharif     ","202","Arhar/Tur","Pulses","585.0","Hectare","691.0","Tonnes","1.18","Tonnes/Hectare"
" 1998-99","Karnataka","29","Gadag","537","Kharif     ","206","Horse-Gram","Pulses","255.0","Hectare","122.0","Tonnes","0.48","Tonnes/Hectare"
" 2005-06","Madhya Pradesh","23","Khandwa","408","Whole Year ","708","Onion","Vegetable","5568.0","Hectare","145552.0","Tonnes","26.14","Tonnes/Hectare"
" 2017-18","Madhya Pradesh","23","Seoni","428","Summer     ","203","Urad","Pulses","1310.0","Hectare","2000.0","Tonnes","1.53","Tonnes/Hectare"
" 1997-98","West Bengal","19","Purba Bardhaman","306","Whole Year ","401","Sugarcane","Sugar","1181.0","Hectare","71760.0","Tonnes","60.76","Tonnes/Hectare"
" 2004-05","Karnataka","29","Vijayapura","530","Whole Year ","504","Turmeric","Spices","15.0","Hectare","1.0","Tonnes","0.07","Tonnes/Hectare"
" 2014-15","Tamil Nadu","33","Dharmapuri","571","Kharif     ","203","Urad","Pulses","5895.0","Hectare","5227.0","Tonnes","0.89","Tonnes/Hectare"
" 1999-00","Uttar Pradesh","9","Ballia","126","Kharif     ","1001","Groundnut","Oilseeds","40.0","Hectare","33.0","Tonnes","0.82","Tonnes/Hectare"
" 2008-09","Madhya Pradesh","23","Burhanpur","397","Rabi       ","201","Gram","Pulses","2489.0","Hectare","2064.0","Tonnes","0.83","Tonnes/Hectare"
" 2001-02","Rajasthan","8","Bhilwara","92","Whole Year ","1401","Guar Seed","Fodder","11674.0","Hectare","1168.0","Tonnes","0.1","Tonnes/Hectare"
" 2013-14","Odisha","21","Mayurbhanj","365","Winter     ","104","Maize","Cereals","22.0","Hectare","44.4","Tonnes","2.02","Tonnes/Hectare"
" 2019-20","Jammu And Kashmir","1","Baramulla","3","Kharif     ","213","Peas & Beans (Pulses)","Pulses","1.0","Hectare","6.0","Tonnes","6.0","Tonnes/Hectare"
" 2016-17","Uttar Pradesh","9","Sambhal","659","Kharif     ","401","Sugarcane","Sugar","28156.0","Hectare","2008649.0","Tonnes","71.34","Tonnes/Hectare"
" 1998-99","Rajasthan","8","Ganganagar","100","Kharif     ","104","Maize","Cereals","62.0","Hectare","67.0","Tonnes","1.08","Tonnes/Hectare"
" 2010-11","Gujarat","24","Junagadh","448","Kharif     ","204","Moong(Green Gram)","Pulses","2000.0","Hectare","900.0","Tonnes","0.45","Tonnes/Hectare"
" 1998-99","Maharashtra","27","Jalna","479","Rabi       ","102","Jowar","Cereals","129900.0","Hectare","94500.0","Tonnes","0.73","Tonnes/Hectare"
" 2015-16","Chhattisgarh","22","Kanker","382","Whole Year ","504","Turmeric","Spices","29.0","Hectare","19.0","Tonnes","0.66","Tonnes/Hectare"
" 2019-20","Haryana","6","Hisar","63","Kharif     ","1002","Castor Seed","Oilseeds","2819.0","Hectare","1748.0","Tonnes","0.62","Tonnes/Hectare"
" 2010-11","Gujarat","24","Tapi","641","Rabi       ","201","Gram","Pulses","2200.0","Hectare","3200.0","Tonnes","1.45","Tonnes/Hectare"
" 2001-02","Bihar","10","Nawada","210","Autumn     ","101","Rice","Cereals","80793.0","Hectare","131486.0","Tonnes","1.63","Tonnes/Hectare"
" 2012-13","Rajasthan","8","Dausa","97","Whole Year ","1302","Tobacco","Drugs And Narcotics","41.0","Hectare","104.0","Tonnes","2.54","Tonnes/Hectare"
" 2019-20","Uttar Pradesh","9","Auraiya","122","Kharif     ","204","Moong(Green Gram)","Pulses","483.0","Hectare","139.0","Tonnes","0.29","Tonnes/Hectare"
" 2017-18","Madhya Pradesh","23","Khargone","414","Whole Year ","503","Ginger","Spices","125.0","Hectare","3036.0","Tonnes","24.29","Tonnes/Hectare"
" 2011-12","Gujarat","24","Amreli","439","Summer     ","1003","Sesamum","Oilseeds","5700.0","Hectare","2500.0","Tonnes","0.44","Tonnes/Hectare"
" 2001-02","Uttar Pradesh","9","Sultanpur","185","Kharif     ","202","Arhar/Tur","Pulses","10615.0","Hectare","16633.0","Tonnes","1.57","Tonnes/Hectare"
" 2005-06","Uttar Pradesh","9","Sant Ravidas Nagar","178","Kharif     ","1104","Sannhamp","Fiber Crops","60.0","Hectare","21.0","Tonnes","0.35","Tonnes/Hectare"
" 2019-20","Tamil Nadu","33","Sivaganga","585","Rabi       ","1001","Groundnut","Oilseeds","935.0","Hectare","3501.0","Tonnes","3.74","Tonnes/Hectare"
" 2016-17","Manipur","14","Tamenglong","258","Rabi       ","201","Gram","Pulses","89.0","Hectare","84.0","Tonnes","0.94","Tonnes/Hectare"
" 2008-09","Odisha","21","Gajapati","353","Summer     ","204","Moong(Green Gram)","Pulses","4.0","Hectare","0.5","Tonnes","0.12","Tonnes/Hectare"
" 2018-19","Uttar Pradesh","9","Kasganj","633","Kharif     ","401","Sugarcane","Sugar","7173.0","Hectare","568588.0","Tonnes","79.27","Tonnes/Hectare"
" 2002-03","West Bengal","19","Purba Medinipur","317","Summer     ","101","Rice","Cereals","123498.0","Hectare","399511.0","Tonnes","3.23","Tonnes/Hectare"
" 2006-07","Karnataka","29","Raichur","546","Kharif     ","204","Moong(Green Gram)","Pulses","6240.0","Hectare","184.0","Tonnes","0.03","Tonnes/Hectare"
" 2006-07","Odisha","21","Nabarangpur","366","Summer     ","105","Ragi","Cereals","1.0","Hectare","0.5","Tonnes","0.5","Tonnes/Hectare"
" 2010-11","Rajasthan","8","Rajsamand","112","Whole Year ","401","Sugarcane","Sugar","183.0","Hectare","12479.0","Tonnes","68.19","Tonnes/Hectare"
" 2013-14","Maharashtra","27","Akola","467","Kharif     ","204","Moong(Green Gram)","Pulses","47000.0","Hectare","8300.0","Tonnes","0.18","Tonnes/Hectare"
" 2016-17","Odisha","21","Ganjam","354","Autumn     ","204","Moong(Green Gram)","Pulses","3.0","Hectare","6.2","Tonnes","2.07","Tonnes/Hectare"
" 2007-08","Uttar Pradesh","9","Mathura","167","Rabi       ","106","Wheat","Cereals","172287.0","Hectare","628848.0","Tonnes","3.65","Tonnes/Hectare"
" 2006-07","Maharashtra","27","Parbhani","489","Rabi       ","1007","Sunflower","Oilseeds","12700.0","Hectare","7100.0","Tonnes","0.56","Tonnes/Hectare"
" 2011-12","Karnataka","29","Shivamogga","547","Kharif     ","502","Dry Chillies","Spices","184.0","Hectare","149.0","Tonnes","0.81","Tonnes/Hectare"
" 1999-00","Uttar Pradesh","9","Fatehpur","142","Whole Year ","708","Onion","Vegetable","872.0","Hectare","12500.0","Tonnes","14.33","Tonnes/Hectare"
" 2002-03","Uttar Pradesh","9","Pratapgarh","174","Rabi       ","105","Ragi","Cereals","3.0","Hectare","4.0","Tonnes","1.33","Tonnes/Hectare"
" 2018-19","Odisha","21","Nuapada","368","Autumn     ","105","Ragi","Cereals","203.0","Hectare","91.1","Tonnes","0.45","Tonnes/Hectare"
" 2013-14","West Bengal","19","Purulia","321","Whole Year ","1006","Coconut","Oilseeds","64.0","Hectare","711000.0","Tonnes","11109.38","Tonnes/Hectare"
" 2001-02","Odisha","21","Kalahandi","358","Kharif     ","108","Small Millets","Cereals","620.0","Hectare","280.0","Tonnes","0.45","Tonnes/Hectare"
" 2017-18","Odisha","21","Jharsuguda","357","Winter     ","1003","Sesamum","Oilseeds","449.0","Hectare","158.5","Tonnes","0.35","Tonnes/Hectare"
" 2001-02","Tamil Nadu","33","Villupuram","596","Kharif     ","1003","Sesamum","Oilseeds","7040.0","Hectare","3310.0","Tonnes","0.47","Tonnes/Hectare"
" 2007-08","Uttar Pradesh","9","Etah","138","Rabi       ","288","Other  Rabi Pulses","Pulses","284.0","Hectare","266.0","Tonnes","0.94","Tonnes/Hectare"
" 2004-05","Uttar Pradesh","9","Bulandshahr","134","Whole Year ","1401","Guar Seed","Fodder","110.0","Hectare","93.0","Tonnes","0.85","Tonnes/Hectare"
" 2012-13","Madhya Pradesh","23","Katni","413","Kharif     ","204","Moong(Green Gram)","Pulses","249.0","Hectare","49.0","Tonnes","0.2","Tonnes/Hectare"
" 2016-17","Tamil Nadu","33","Tuticorin","594","Whole Year ","502","Dry Chillies","Spices","11615.0","Hectare","2049.0","Tonnes","0.18","Tonnes/Hectare"
" 2010-11","Nagaland","13","Kohima","245","Kharif     ","1003","Sesamum","Oilseeds","370.0","Hectare","240.0","Tonnes","0.65","Tonnes/Hectare"
" 2019-20","Uttar Pradesh","9","Moradabad","171","Rabi       ","205","Masoor","Pulses","527.0","Hectare","580.0","Tonnes","1.1","Tonnes/Hectare"
" 2003-04","Bihar","10","Sitamarhi","221","Kharif     ","1003","Sesamum","Oilseeds","3.0","Hectare","2.0","Tonnes","0.67","Tonnes/Hectare"
" 1998-99","Mizoram","15","Lunglei","265","Kharif     ","1101","Cotton(Lint)","Fiber Crops","145.0","Hectare","88.0","Tonnes","0.61","Tonnes/Hectare"
" 2015-16","Assam","18","Kamrup","291","Rabi       ","507","Arecanut","Spices","3880.0","Hectare","4529.0","Tonnes","1.17","Tonnes/Hectare"
" 1999-00","Tamil Nadu","33","Coimbatore","569","Kharif     ","206","Horse-Gram","Pulses","7884.0","Hectare","2985.0","Tonnes","0.38","Tonnes/Hectare"
" 2008-09","Jammu And Kashmir","1","Doda","4","Rabi       ","203","Urad","Pulses","11.0","Hectare","4.8","Tonnes","0.44","Tonnes/Hectare"
" 2015-16","Chhattisgarh","22","Narayanpur","637","Kharif     ","104","Maize","Cereals","1065.0","Hectare","1617.0","Tonnes","1.52","Tonnes/Hectare"
" 2012-13","West Bengal","19","South 24 Parganas","304","Summer     ","204","Moong(Green Gram)","Pulses","13756.0","Hectare","8432.0","Tonnes","0.61","Tonnes/Hectare"
" 2004-05","Andhra Pradesh","28","Kadapa","746","Rabi       ","202","Arhar/Tur","Pulses","44.0","Hectare","11.0","Tonnes","0.25","Tonnes/Hectare"
" 2018-19","Andhra Pradesh","28","Anantapur","502","Kharif     ","708","Onion","Vegetable","1407.0","Hectare","50908.0","Tonnes","36.18","Tonnes/Hectare"
" 2012-13","Bihar","10","Sheikhpura","219","Rabi       ","1005","Linseed","Oilseeds","240.0","Hectare","208.0","Tonnes","0.87","Tonnes/Hectare"
" 2018-19","Uttar Pradesh","9","Muzaffarnagar","172","Kharif     ","703","Sweet Potato","Vegetable","14.0","Hectare","161.0","Tonnes","11.5","Tonnes/Hectare"
" 2015-16","Rajasthan","8","Bharatpur","91","Rabi       ","107","Barley","Cereals","2212.0","Hectare","6621.0","Tonnes","2.99","Tonnes/Hectare"
" 2009-10","Rajasthan","8","Barmer","90","Rabi       ","1088","Other Oilseeds","Oilseeds","537.0","Hectare","161.0","Tonnes","0.3","Tonnes/Hectare"
" 2008-09","Bihar","10","Katihar","201","Winter     ","101","Rice","Cereals","62048.0","Hectare","75183.0","Tonnes","1.21","Tonnes/Hectare"
" 2017-18","Jharkhand","20","Hazaribagh","332","Rabi       ","1005","Linseed","Oilseeds","1869.0","Hectare","1308.0","Tonnes","0.7","Tonnes/Hectare"
" 2017-18","Nagaland","13","Tuensang","249","Kharif     ","1088","Other Oilseeds","Oilseeds","250.0","Hectare","150.0","Tonnes","0.6","Tonnes/Hectare"
" 2010-11","Uttar Pradesh","9","Mathura","167","Kharif     ","1401","Guar Seed","Fodder","63.0","Hectare","52.0","Tonnes","0.83","Tonnes/Hectare"
" 2012-13","West Bengal","19","Murshidabad","319","Rabi       ","701","Potato","Vegetable","13073.0","Hectare","364716.0","Tonnes","27.9","Tonnes/Hectare"
" 2011-12","Haryana","6","Bhiwani","59","Kharif     ","1001","Groundnut","Oilseeds","33.0","Hectare","8000.0","Tonnes","0.0","Tonnes/Hectare"
" 1998-99","Tamil Nadu","33","Virudhunagar","597","Whole Year ","502","Dry Chillies","Spices","3027.0","Hectare","2122.0","Tonnes","0.7","Tonnes/Hectare"
" 2014-15","Madhya Pradesh","23","Sagar","425","Rabi       ","1005","Linseed","Oilseeds","2000.0","Hectare","1000.0","Tonnes","0.5","Tonnes/Hectare"
" 2018-19","Odisha","21","Gajapati","353","Winter     ","1004","Rapeseed &Mustard","Oilseeds","42.0","Hectare","5.4","Tonnes","0.13","Tonnes/Hectare"
" 2017-18","Andhra Pradesh","28","Kadapa","746","Kharif     ","1302","Tobacco","Drugs And Narcotics","49.0","Hectare","68.0","Tonnes","1.39","Tonnes/Hectare"
" 2015-16","Rajasthan","8","Ajmer","86","Whole Year ","508","Garlic","Spices","4.0","Hectare","9.0","Tonnes","2.25","Tonnes/Hectare"
" 2006-07","Andhra Pradesh","28","West Godavari","523","Whole Year ","619","Cashewnut","Fruits","38718.0","Hectare","7136.0","Tonnes","0.18","Tonnes/Hectare"
" 2019-20","Bihar","10","Nalanda","209","Rabi       ","701","Potato","Vegetable","3121.0","Hectare","84052.0","Tonnes","26.93","Tonnes/Hectare"
" 2002-03","Assam","18","Dhemaji","284","Kharif     ","202","Arhar/Tur","Pulses","30.0","Hectare","23.0","Tonnes","0.77","Tonnes/Hectare"
" 2009-10","Madhya Pradesh","23","Hoshangabad","425","Rabi       ","102","Jowar","Cereals","17.0","Hectare","40.0","Tonnes","2.35","Tonnes/Hectare"
" 2001-02","Uttar Pradesh","9","Budaun","133","Kharif     ","102","Jowar","Cereals","2243.0","Hectare","1698.0","Tonnes","0.76","Tonnes/Hectare"
" 2002-03","Assam","18","Sivasagar","300","Whole Year ","401","Sugarcane","Sugar","109.0","Hectare","3970.0","Tonnes","36.42","Tonnes/Hectare"
" 2011-12","Madhya Pradesh","23","Hoshangabad","425","Kharif     ","203","Urad","Pulses","127.0","Hectare","27.0","Tonnes","0.21","Tonnes/Hectare"
" 2013-14","Punjab","3","Barnala","605","Kharif     ","204","Moong(Green Gram)","Pulses","300.0","Hectare","300.0","Tonnes","1.0","Tonnes/Hectare"
" 1997-98","Uttar Pradesh","9","Ambedkar Nagar","121","Rabi       ","205","Masoor","Pulses","114.0","Hectare","74.0","Tonnes","0.65","Tonnes/Hectare"
" 2007-08","Rajasthan","8","Bikaner","93","Rabi       ","106","Wheat","Cereals","51684.0","Hectare","72545.0","Tonnes","1.4","Tonnes/Hectare"
" 2004-05","Tamil Nadu","33","Virudhunagar","597","Whole Year ","502","Dry Chillies","Spices","3595.0","Hectare","2726.0","Tonnes","0.76","Tonnes/Hectare"
" 2016-17","Uttar Pradesh","9","Maharajganj","164","Kharif     ","1003","Sesamum","Oilseeds","67.0","Hectare","15.0","Tonnes","0.22","Tonnes/Hectare"
" 2002-03","Chhattisgarh","22","Jashpur","380","Rabi       ","107","Barley","Cereals","19.0","Hectare","14.0","Tonnes","0.74","Tonnes/Hectare"
" 1999-00","Maharashtra","27","Raigad","491","Kharif     ","1010","Niger Seed","Oilseeds","400.0","Hectare","100.0","Tonnes","0.25","Tonnes/Hectare"
" 2003-04","Haryana","6","Panipat","71","Kharif     ","1101","Cotton(Lint)","Fiber Crops","222.0","Hectare","0.0","Tonnes","0.0","Tonnes/Hectare"
" 2010-11","Madhya Pradesh","23","Panna","420","Rabi       ","1005","Linseed","Oilseeds","811.0","Hectare","349.0","Tonnes","0.43","Tonnes/Hectare"
" 2005-06","Odisha","21","Sundargarh","373","Winter     ","105","Ragi","Cereals","16.0","Hectare","9.4","Tonnes","0.59","Tonnes/Hectare"
" 2008-09","West Bengal","19","Murshidabad","319","Rabi       ","1005","Linseed","Oilseeds","196.0","Hectare","14.0","Tonnes","0.07","Tonnes/Hectare"
" 2015-16","Uttar Pradesh","9","Mau","168","Kharif     ","104","Maize","Cereals","235.0","Hectare","282.0","Tonnes","1.2","Tonnes/Hectare"
" 2007-08","Tamil Nadu","33","Perambalur","581","Whole Year ","1006","Coconut","Oilseeds","926.0","Hectare","4700000.0","Tonnes","5075.59","Tonnes/Hectare"
" 2008-09","Tripura","16","South Tripura","271","Kharif     ","203","Urad","Pulses","226.0","Hectare","165.0","Tonnes","0.73","Tonnes/Hectare"
" 2000-01","Karnataka","29","Chitradurga","533","Kharif     ","105","Ragi","Cereals","67022.0","Hectare","124206.0","Tonnes","1.85","Tonnes/Hectare"
" 2015-16","Tamil Nadu","33","Dharmapuri","571","Whole Year ","1006","Coconut","Oilseeds","8392.0","Hectare","97200000.0","Tonnes","11582.46","Tonnes/Hectare"
" 1999-00","West Bengal","19","Hooghly","312","Rabi       ","203","Urad","Pulses","106.0","Hectare","72.0","Tonnes","0.68","Tonnes/Hectare"
" 2006-07","Bihar","10","Araria","188","Kharif     ","204","Moong(Green Gram)","Pulses","1097.0","Hectare","553.0","Tonnes","0.5","Tonnes/Hectare"
" 2007-08","Sikkim","11","Mangan","226","Kharif     ","288","Other Kharif Pulses","Pulses","190.0","Hectare","140.0","Tonnes","0.74","Tonnes/Hectare"
" 1997-98","Uttar Pradesh","9","Hathras","163","Summer     ","101","Rice","Cereals","1.0","Hectare","2.0","Tonnes","2.0","Tonnes/Hectare"
" 2009-10","Gujarat","24","Vadodara","461","Summer     ","103","Bajra","Cereals","3900.0","Hectare","8200.0","Tonnes","2.1","Tonnes/Hectare"
" 2008-09","West Bengal","19","Bankura","305","Rabi       ","104","Maize","Cereals","5.0","Hectare","13.0","Tonnes","2.6","Tonnes/Hectare"
" 2011-12","Andhra Pradesh","28","Guntur","506","Rabi       ","1001","Groundnut","Oilseeds","4750.0","Hectare","13775.0","Tonnes","2.9","Tonnes/Hectare"
" 2013-14","Uttar Pradesh","9","Hamirpur","149","Rabi       ","1004","Rapeseed &Mustard","Oilseeds","14083.0","Hectare","7073.0","Tonnes","0.5","Tonnes/Hectare"
" 1999-00","Uttar Pradesh","9","Kannauj","155","Kharif     ","103","Bajra","Cereals","4485.0","Hectare","5443.0","Tonnes","1.21","Tonnes/Hectare"
" 2009-10","Rajasthan","8","Ajmer","86","Rabi       ","1005","Linseed","Oilseeds","1.0","Hectare","1.0","Tonnes","1.0","Tonnes/Hectare"
" 2004-05","Arunachal Pradesh","12","West Kameng","242","Rabi       ","106","Wheat","Cereals","676.0","Hectare","764.0","Tonnes","1.13","Tonnes/Hectare"
" 2003-04","Karnataka","29","Koppal","543","Whole Year ","502","Dry Chillies","Spices","1574.0","Hectare","2575.0","Tonnes","1.64","Tonnes/Hectare"
" 2019-20","Chhattisgarh","22","Baloda Bazar","646","Kharif     ","1009","Soyabean","Oilseeds","213.0","Hectare","271.0","Tonnes","1.27","Tonnes/Hectare"
" 2010-11","Uttar Pradesh","9","Sitapur","183","Rabi       ","107","Barley","Cereals","1189.0","Hectare","2326.0","Tonnes","1.96","Tonnes/Hectare"
" 1997-98","West Bengal","19","Murshidabad","319","Whole Year ","1001","Groundnut","Oilseeds","70.0","Hectare","86.0","Tonnes","1.23","Tonnes/Hectare"
" 2016-17","Uttar Pradesh","9","Lucknow","162","Rabi       ","205","Masoor","Pulses","1635.0","Hectare","1167.0","Tonnes","0.71","Tonnes/Hectare"
" 2009-10","Karnataka","29","Belagavi","527","Rabi       ","502","Dry Chillies","Spices","819.0","Hectare","2639.0","Tonnes","3.22","Tonnes/Hectare"
" 2008-09","Karnataka","29","Davangere","535","Kharif     ","708","Onion","Vegetable","6120.0","Hectare","53123.0","Tonnes","8.68","Tonnes/Hectare"
" 2006-07","Punjab","3","Sangrur","43","Rabi       ","1004","Rapeseed &Mustard","Oilseeds","2000.0","Hectare","3000.0","Tonnes","1.5","Tonnes/Hectare"
" 2007-08","Assam","18","Dima Hasao","299","Whole Year ","1006","Coconut","Oilseeds","63.0","Hectare","112000.0","Tonnes","1777.78","Tonnes/Hectare"
" 2004-05","Odisha","21","Jajapur","356","Summer     ","203","Urad","Pulses","8.0","Hectare","2.4","Tonnes","0.3","Tonnes/Hectare"
" 2007-08","Karnataka","29","Tumakuru","548","Rabi       ","201","Gram","Pulses","895.0","Hectare","511.0","Tonnes","0.57","Tonnes/Hectare"
" 2010-11","Odisha","21","Anugul","344","Summer     ","106","Wheat","Cereals","27.0","Hectare","52.9","Tonnes","1.96","Tonnes/Hectare"
" 2019-20","Uttar Pradesh","9","Sonbhadra","184","Rabi       ","201","Gram","Pulses","11171.0","Hectare","13451.0","Tonnes","1.2","Tonnes/Hectare"
" 2016-17","Jharkhand","20","Jamtara","333","Winter     ","701","Potato","Vegetable","485.0","Hectare","6152.0","Tonnes","12.68","Tonnes/Hectare"
" 2001-02","Madhya Pradesh","23","Rewa","424","Whole Year ","703","Sweet Potato","Vegetable","6.0","Hectare","32.0","Tonnes","5.33","Tonnes/Hectare"
" 1998-99","Rajasthan","8","Pali","111","Rabi       ","201","Gram","Pulses","83947.0","Hectare","24496.0","Tonnes","0.29","Tonnes/Hectare"
" 2004-05","Chhattisgarh","22","Bastar","374","Kharif     ","1101","Cotton(Lint)","Fiber Crops","3.0","Hectare","2.0","Tonnes","0.67","Tonnes/Hectare"
" 2007-08","Maharashtra","27","Thane","497","Rabi       ","288","Other  Rabi Pulses","Pulses","4500.0","Hectare","2200.0","Tonnes","0.49","Tonnes/Hectare"
" 2013-14","Bihar","10","Kishanganj","203","Kharif     ","105","Ragi","Cereals","98.0","Hectare","99.0","Tonnes","1.01","Tonnes/Hectare"
" 2006-07","Uttarakhand","5","Champawat","48","Rabi       ","1004","Rapeseed &Mustard","Oilseeds","863.0","Hectare","224.0","Tonnes","0.26","Tonnes/Hectare"
" 2015-16","Uttar Pradesh","9","Hardoi","150","Kharif     ","502","Dry Chillies","Spices","120.0","Hectare","91.0","Tonnes","0.76","Tonnes/Hectare"
" 2013-14","Arunachal Pradesh","12","Upper Siang","240","Whole Year ","503","Ginger","Spices","230.0","Hectare","1518.0","Tonnes","6.6","Tonnes/Hectare"
" 2017-18","Uttar Pradesh","9","Fatehpur","142","Kharif     ","1401","Guar Seed","Fodder","28.0","Hectare","20.0","Tonnes","0.71","Tonnes/Hectare"
" 2019-20","Karnataka","29","Ballari","528","Whole Year ","504","Turmeric","Spices","1.0","Hectare","6.0","Tonnes","6.0","Tonnes/Hectare"
" 2020-21","Uttarakhand","5","Champawat","48","Rabi       ","1004","Rapeseed &Mustard","Oilseeds","652.0","Hectare","377.0","Tonnes","0.58","Tonnes/Hectare"
" 2004-05","Bihar","10","Khagaria","202","Whole Year ","508","Garlic","Spices","30.0","Hectare","45.0","Tonnes","1.5","Tonnes/Hectare"
" 1998-99","Uttar Pradesh","9","Varanasi","187","Rabi       ","213","Peas & Beans (Pulses)","Pulses","1989.0","Hectare","2082.0","Tonnes","1.05","Tonnes/Hectare"
" 1998-99","Punjab","3","Jalandhar","34","Whole Year ","401","Sugarcane","Sugar","13000.0","Hectare","730000.0","Tonnes","56.15","Tonnes/Hectare"
" 2003-04","Odisha","21","Nuapada","368","Kharif     ","1001","Groundnut","Oilseeds","504.0","Hectare","419.4","Tonnes","0.83","Tonnes/Hectare"
" 2005-06","Assam","18","Hailakandi","289","Whole Year ","401","Sugarcane","Sugar","225.0","Hectare","8775.0","Tonnes","39.0","Tonnes/Hectare"
" 2010-11","Rajasthan","8","Chittorgarh","95","Kharif     ","1101","Cotton(Lint)","Fiber Crops","5948.0","Hectare","22002.96","Tonnes","3.7","Tonnes/Hectare"
" 2012-13","Punjab","3","Sangrur","43","Rabi       ","201","Gram","Pulses","100.0","Hectare","100.0","Tonnes","1.0","Tonnes/Hectare"
" 1999-00","Karnataka","29","Bengaluru Urban","525","Kharif     ","202","Arhar/Tur","Pulses","1417.0","Hectare","808.0","Tonnes","0.57","Tonnes/Hectare"
" 2007-08","Uttar Pradesh","9","Banda","128","Rabi       ","205","Masoor","Pulses","41145.0","Hectare","17034.0","Tonnes","0.41","Tonnes/Hectare"
" 2003-04","Chhattisgarh","22","Bilaspur","375","Kharif     ","101","Rice","Cereals","320204.0","Hectare","505972.0","Tonnes","1.58","Tonnes/Hectare"
" 2016-17","Maharashtra","27","Bhandara","471","Kharif     ","202","Arhar/Tur","Pulses","11824.0","Hectare","22988.0","Tonnes","1.94","Tonnes/Hectare"
" 2017-18","Uttar Pradesh","9","Chandauli","135","Kharif     ","1401","Guar Seed","Fodder","13.0","Hectare","9.0","Tonnes","0.69","Tonnes/Hectare"
" 2018-19","Gujarat","24","Ahmadabad","438","Kharif     ","202","Arhar/Tur","Pulses","1218.0","Hectare","1472.0","Tonnes","1.21","Tonnes/Hectare"
" 2016-17","Uttar Pradesh","9","Shamli","660","Kharif     ","101","Rice","Cereals","20441.0","Hectare","57623.0","Tonnes","2.82","Tonnes/Hectare"
" 2018-19","Tamil Nadu","33","Nagapattinam","579","Rabi       ","203","Urad","Pulses","40200.0","Hectare","11178.0","Tonnes","0.28","Tonnes/Hectare"
" 2007-08","Assam","18","Hailakandi","289","Rabi       ","213","Peas & Beans (Pulses)","Pulses","350.0","Hectare","200.0","Tonnes","0.57","Tonnes/Hectare"
" 2002-03","Tamil Nadu","33","Namakkal","580","Kharif     ","1003","Sesamum","Oilseeds","482.0","Hectare","294.0","Tonnes","0.61","Tonnes/Hectare"
" 2013-14","Andhra Pradesh","28","Visakhapatanam","520","Kharif     ","502","Dry Chillies","Spices","378.0","Hectare","1833.0","Tonnes","4.85","Tonnes/Hectare"
" 2017-18","Tamil Nadu","33","Pudukkottai","582","Kharif     ","207","Cowpea(Lobia)","Pulses","324.0","Hectare","233.0","Tonnes","0.72","Tonnes/Hectare"
" 2014-15","Kerala","32","Kannur","557","Whole Year ","503","Ginger","Spices","55.0","Hectare","248.0","Tonnes","4.51","Tonnes/Hectare"
" 2018-19","Bihar","10","Katihar","201","Kharif     ","108","Small Millets","Cereals","4.0","Hectare","3.0","Tonnes","0.75","Tonnes/Hectare"
" 1998-99","Madhya Pradesh","23","Hoshangabad","425","Kharif     ","101","Rice","Cereals","7800.0","Hectare","6300.0","Tonnes","0.81","Tonnes/Hectare"
" 2001-02","Maharashtra","27","Ahmednagar","466","Kharif     ","1002","Castor Seed","Oilseeds","200.0","Hectare","100.0","Tonnes","0.5","Tonnes/Hectare"
" 2001-02","Uttar Pradesh","9","Sant Ravidas Nagar","178","Rabi       ","1005","Linseed","Oilseeds","6.0","Hectare","2.0","Tonnes","0.33","Tonnes/Hectare"
" 2013-14","Madhya Pradesh","23","Jabalpur","411","Rabi       ","1004","Rapeseed &Mustard","Oilseeds","3680.0","Hectare","3235.0","Tonnes","0.88","Tonnes/Hectare"
" 2016-17","Tamil Nadu","33","Vellore","595","Rabi       ","204","Moong(Green Gram)","Pulses","1259.0","Hectare","301.0","Tonnes","0.24","Tonnes/Hectare"
" 2000-01","Gujarat","24","Surat","459","Kharif     ","104","Maize","Cereals","800.0","Hectare","600.0","Tonnes","0.75","Tonnes/Hectare"
" 2002-03","Uttar Pradesh","9","Kanpur Nagar","157","Kharif     ","108","Small Millets","Cereals","5.0","Hectare","3.0","Tonnes","0.6","Tonnes/Hectare"
" 2008-09","Rajasthan","8","Sikar","114","Kharif     ","288","Other Kharif Pulses","Pulses","54161.0","Hectare","26688.0","Tonnes","0.49","Tonnes/Hectare"
" 1997-98","Gujarat","24","Mahesana","451","Whole Year ","701","Potato","Vegetable","4600.0","Hectare","86800.0","Tonnes","18.87","Tonnes/Hectare"
" 2000-01","Rajasthan","8","Ganganagar","100","Kharif     ","204","Moong(Green Gram)","Pulses","3765.0","Hectare","1500.0","Tonnes","0.4","Tonnes/Hectare"
" 1999-00","Bihar","10","Kishanganj","203","Kharif     ","1007","Sunflower","Oilseeds","146.0","Hectare","135.0","Tonnes","0.92","Tonnes/Hectare"
" 2010-11","Jharkhand","20","Chatra","323","Rabi       ","106","Wheat","Cereals","3735.0","Hectare","3152.0","Tonnes","0.84","Tonnes/Hectare"
" 2005-06","Chhattisgarh","22","Janjgir-Champa","379","Rabi       ","213","Peas & Beans (Pulses)","Pulses","326.0","Hectare","128.0","Tonnes","0.39","Tonnes/Hectare"
" 2003-04","Rajasthan","8","Baran","89","Kharif     ","202","Arhar/Tur","Pulses","33.0","Hectare","15.0","Tonnes","0.45","Tonnes/Hectare"
" 2015-16","Karnataka","29","Tumakuru","548","Summer     ","103","Bajra","Cereals","1.0","Hectare","1.0","Tonnes","1.0","Tonnes/Hectare"
" 2013-14","Tamil Nadu","33","Virudhunagar","597","Kharif     ","1003","Sesamum","Oilseeds","625.0","Hectare","114.0","Tonnes","0.18","Tonnes/Hectare"
" 2000-01","Himachal Pradesh","2","Kangra","18","Kharif     ","213","Peas & Beans (Pulses)","Pulses","31.0","Hectare","31.0","Tonnes","1.0","Tonnes/Hectare"
" 1998-99","Karnataka","29","Raichur","546","Kharif     ","104","Maize","Cereals","216.0","Hectare","741.0","Tonnes","3.43","Tonnes/Hectare"
" 2001-02","Rajasthan","8","Tonk","116","Kharif     ","104","Maize","Cereals","17297.0","Hectare","18410.0","Tonnes","1.06","Tonnes/Hectare"
" 2013-14","Maharashtra","27","Yavatmal","500","Kharif     ","101","Rice","Cereals","100.0","Hectare","6000.0","Tonnes","0.0","Tonnes/Hectare"
" 2015-16","Odisha","21","Kalahandi","358","Summer     ","203","Urad","Pulses","65.0","Hectare","36.5","Tonnes","0.56","Tonnes/Hectare"
" 2004-05","Andhra Pradesh","28","Kadapa","746","Rabi       ","288","Other  Rabi Pulses","Pulses","25.0","Hectare","5.0","Tonnes","0.2","Tonnes/Hectare"
" 2018-19","Maharashtra","27","Bhandara","471","Whole Year ","401","Sugarcane","Sugar","4208.0","Hectare","282104.0","Tonnes","67.04","Tonnes/Hectare"
" 2015-16","Karnataka","29","Hassan","539","Whole Year ","506","Cardamom","Spices","7112.0","Hectare","718.0","Tonnes","0.1","Tonnes/Hectare"
" 2002-03","Odisha","21","Rayagada","370","Kharif     ","206","Horse-Gram","Pulses","1613.0","Hectare","327.4","Tonnes","0.2","Tonnes/Hectare"
" 2012-13","Karnataka","29","Bengaluru Urban","525","Whole Year ","401","Sugarcane","Sugar","12.0","Hectare","1003.0","Tonnes","83.58","Tonnes/Hectare"
" 2019-20","Uttar Pradesh","9","Varanasi","187","Kharif     ","103","Bajra","Cereals","5544.0","Hectare","8111.0","Tonnes","1.46","Tonnes/Hectare"
" 2014-15","Madhya Pradesh","23","Datia","401","Kharif     ","204","Moong(Green Gram)","Pulses","3000.0","Hectare","2000.0","Tonnes","0.67","Tonnes/Hectare"
" 2015-16","Uttarakhand","5","Nainital","51","Whole Year ","508","Garlic","Spices","222.0","Hectare","335.0","Tonnes","1.51","Tonnes/Hectare"
" 2006-07","West Bengal","19","Murshidabad","319","Summer     ","204","Moong(Green Gram)","Pulses","542.0","Hectare","203.0","Tonnes","0.37","Tonnes/Hectare"
" 2012-13","Karnataka","29","Shivamogga","547","Whole Year ","619","Cashewnut","Fruits","1394.0","Hectare","1122.0","Tonnes","0.8","Tonnes/Hectare"
" 1999-00","Odisha","21","Malkangiri","364","Whole Year ","1302","Tobacco","Drugs And Narcotics","1540.0","Hectare","830.0","Tonnes","0.54","Tonnes/Hectare"
" 2008-09","Nagaland","13","Dimapur","244","Kharif     ","401","Sugarcane","Sugar","1020.0","Hectare","43960.0","Tonnes","43.1","Tonnes/Hectare"
" 2017-18","Chhattisgarh","22","Raipur","387","Whole Year ","703","Sweet Potato","Vegetable","2.0","Hectare","12.0","Tonnes","6.0","Tonnes/Hectare"
" 2011-12","Assam","18","Marigaon","296","Rabi       ","201","Gram","Pulses","82.0","Hectare","34.0","Tonnes","0.41","Tonnes/Hectare"
" 2003-04","Bihar","10","Sitamarhi","221","Whole Year ","606","Banana","Fruits","204.0","Hectare","2509.0","Tonnes","12.3","Tonnes/Hectare"
" 2005-06","Nagaland","13","Dimapur","244","Kharif     ","202","Arhar/Tur","Pulses","3060.0","Hectare","3120.0","Tonnes","1.02","Tonnes/Hectare"
" 2017-18","Manipur","14","Churachandpur","254","Whole Year ","401","Sugarcane","Sugar","280.0","Hectare","13070.0","Tonnes","46.68","Tonnes/Hectare"
" 2000-01","Madhya Pradesh","23","Hoshangabad","425","Kharif     ","1001","Groundnut","Oilseeds","43.0","Hectare","41.0","Tonnes","0.95","Tonnes/Hectare"
" 2005-06","Karnataka","29","Kalaburagi","538","Whole Year ","508","Garlic","Spices","26.0","Hectare","78.0","Tonnes","3.0","Tonnes/Hectare"
" 1998-99","Karnataka","29","Ballari","528","Kharif     ","202","Arhar/Tur","Pulses","7563.0","Hectare","2234.0","Tonnes","0.3","Tonnes/Hectare"
" 2017-18","Telangana","36","Vikarabad","698","Kharif     ","1001","Groundnut","Oilseeds","55.0","Hectare","120.0","Tonnes","2.18","Tonnes/Hectare"
" 2010-11","Uttar Pradesh","9","Agra","118","Kharif     ","104","Maize","Cereals","63.0","Hectare","135.0","Tonnes","2.14","Tonnes/Hectare"
" 1998-99","Maharashtra","27","Amravati","468","Kharif     ","401","Sugarcane","Sugar","2000.0","Hectare","169900.0","Tonnes","84.95","Tonnes/Hectare"
" 2016-17","Tripura","16","Sepahijala","653","Rabi       ","213","Peas & Beans (Pulses)","Pulses","477.0","Hectare","404.0","Tonnes","0.85","Tonnes/Hectare"
" 2001-02","Madhya Pradesh","23","Katni","413","Whole Year ","708","Onion","Vegetable","275.0","Hectare","5056.0","Tonnes","18.39","Tonnes/Hectare"
" 2016-17","Mizoram","15","Kolasib","263","Kharif     ","1009","Soyabean","Oilseeds","140.0","Hectare","330.0","Tonnes","2.36","Tonnes/Hectare"
" 2017-18","Jammu And Kashmir","1","Samba","624","Kharif     ","1101","Cotton(Lint)","Fiber Crops","5.0","Hectare","2.6","Tonnes","0.52","Tonnes/Hectare"
" 2013-14","Madhya Pradesh","23","Neemuch","419","Kharif     ","1101","Cotton(Lint)","Fiber Crops","64.0","Hectare","91.0","Tonnes","1.42","Tonnes/Hectare"
" 2013-14","Bihar","10","Madhepura","205","Kharif     ","1002","Castor Seed","Oilseeds","4.0","Hectare","4.0","Tonnes","1.0","Tonnes/Hectare"
" 2011-12","Karnataka","29","Bangalore Rural","526","Kharif     ","1007","Sunflower","Oilseeds","3.0","Hectare","1.0","Tonnes","0.33","Tonnes/Hectare"
" 1998-99","Bihar","10","Kishanganj","203","Kharif     ","1007","Sunflower","Oilseeds","26.0","Hectare","14.0","Tonnes","0.54","Tonnes/Hectare"
" 2016-17","Haryana","6","Rewari","72","Rabi       ","106","Wheat","Cereals","48000.0","Hectare","241000.0","Tonnes","5.02","Tonnes/Hectare"
" 2009-10","Andhra Pradesh","28","Kurnool","511","Kharif     ","1101","Cotton(Lint)","Fiber Crops","36070.0","Hectare","52620.0","Tonnes","1.46","Tonnes/Hectare"
" 1999-00","Jharkhand","10","Bokaro","322","Kharif     ","105","Ragi","Cereals","393.0","Hectare","309.0","Tonnes","0.79","Tonnes/Hectare"
" 2004-05","Odisha","21","Malkangiri","364","Summer     ","204","Moong(Green Gram)","Pulses","4.0","Hectare","0.3","Tonnes","0.08","Tonnes/Hectare"
" 2004-05","Madhya Pradesh","23","Rajgarh","422","Whole Year ","508","Garlic","Spices","1020.0","Hectare","3185.0","Tonnes","3.12","Tonnes/Hectare"
" 2002-03","West Bengal","19","Jalpaiguri","314","Kharif     ","1010","Niger Seed","Oilseeds","1805.0","Hectare","1040.0","Tonnes","0.58","Tonnes/Hectare"
" 2012-13","Uttar Pradesh","9","Moradabad","171","Kharif     ","1003","Sesamum","Oilseeds","17.0","Hectare","3.0","Tonnes","0.18","Tonnes/Hectare"
" 2013-14","Rajasthan","8","Jaisalmer","103","Kharif     ","1002","Castor Seed","Oilseeds","5263.0","Hectare","1592.0","Tonnes","0.3","Tonnes/Hectare"
" 2015-16","Jharkhand","20","Latehar","335","Autumn     ","105","Ragi","Cereals","341.0","Hectare","379.0","Tonnes","1.11","Tonnes/Hectare"
" 2006-07","Arunachal Pradesh","12","Kurung Kumey","233","Whole Year ","503","Ginger","Spices","100.0","Hectare","80.0","Tonnes","0.8","Tonnes/Hectare"
" 2010-11","Sikkim","11","Namchi","227","Rabi       ","188","Other Cereals","Cereals","1380.0","Hectare","1332.0","Tonnes","0.97","Tonnes/Hectare"
" 2009-10","Himachal Pradesh","2","Hamirpur","17","Kharif     ","103","Bajra","Cereals","9.0","Hectare","4.0","Tonnes","0.44","Tonnes/Hectare"
" 2013-14","Mizoram","15","Lawngtlai","264","Kharif     ","1009","Soyabean","Oilseeds","71.0","Hectare","51.0","Tonnes","0.72","Tonnes/Hectare"
" 2014-15","Gujarat","24","Bharuch","442","Kharif     ","188","Other Cereals","Cereals","100.0","Hectare","66.0","Tonnes","0.66","Tonnes/Hectare"
" 2008-09","Tamil Nadu","33","Tiruppur","634","Whole Year ","201","Gram","Pulses","3737.0","Hectare","81.0","Tonnes","0.0","Tonnes/Hectare"
" 2012-13","West Bengal","19","Bankura","305","Winter     ","101","Rice","Cereals","322444.0","Hectare","864752.0","Tonnes","2.68","Tonnes/Hectare"
" 2005-06","Madhya Pradesh","23","Dhar","403","Whole Year ","701","Potato","Vegetable","810.0","Hectare","9858.0","Tonnes","12.17","Tonnes/Hectare"
" 2013-14","Maharashtra","27","Nanded","485","Summer     ","1001","Groundnut","Oilseeds","7300.0","Hectare","9000.0","Tonnes","1.23","Tonnes/Hectare"
" 2019-20","Madhya Pradesh","23","Seoni","428","Kharif     ","203","Urad","Pulses","6818.0","Hectare","2349.0","Tonnes","0.34","Tonnes/Hectare"
" 1998-99","Karnataka","29","Bagalkote","524","Rabi       ","1008","Safflower","Oilseeds","4590.0","Hectare","3570.0","Tonnes","0.78","Tonnes/Hectare"
" 2004-05","Madhya Pradesh","23","Guna","406","Kharif     ","103","Bajra","Cereals","241.0","Hectare","330.0","Tonnes","1.37","Tonnes/Hectare"
" 2006-07","Andhra Pradesh","28","Chittoor","503","Whole Year ","606","Banana","Fruits","556.0","Hectare","27205.0","Tonnes","48.93","Tonnes/Hectare"
" 2017-18","Uttar Pradesh","9","Shamli","660","Rabi       ","508","Garlic","Spices","138.0","Hectare","739.0","Tonnes","5.36","Tonnes/Hectare"
" 2003-04","Uttar Pradesh","9","Amroha","154","Rabi       ","205","Masoor","Pulses","239.0","Hectare","222.0","Tonnes","0.93","Tonnes/Hectare"
" 2010-11","Madhya Pradesh","23","Khargone","414","Whole Year ","708","Onion","Vegetable","1192.0","Hectare","9396.0","Tonnes","7.88","Tonnes/Hectare"
" 2006-07","Tripura","16","South Tripura","271","Rabi       ","204","Moong(Green Gram)","Pulses","69.0","Hectare","44.0","Tonnes","0.64","Tonnes/Hectare"
" 2019-20","Meghalaya","17","West Khasi Hills","279","Winter     ","101","Rice","Cereals","6002.0","Hectare","11122.0","Tonnes","1.85","Tonnes/Hectare"
" 2017-18","Kerala","32","Wayanad","567","Whole Year ","507","Arecanut","Spices","12147.0","Hectare","4916.0","Tonnes","0.4","Tonnes/Hectare"
" 2008-09","Rajasthan","8","Tonk","116","Kharif     ","204","Moong(Green Gram)","Pulses","42626.0","Hectare","12777.0","Tonnes","0.3","Tonnes/Hectare"
" 1998-99","Bihar","10","Saharsa","216","Rabi       ","107","Barley","Cereals","130.0","Hectare","150.0","Tonnes","1.15","Tonnes/Hectare"
" 2011-12","Uttar Pradesh","9","Auraiya","122","Kharif     ","104","Maize","Cereals","9072.0","Hectare","18380.0","Tonnes","2.03","Tonnes/Hectare"
" 2010-11","Andhra Pradesh","28","Karimnagar","746","Rabi       ","203","Urad","Pulses","1286.0","Hectare","952.0","Tonnes","0.74","Tonnes/Hectare"
" 2001-02","Nagaland","13","Phek","248","Kharif     ","213","Peas & Beans (Pulses)","Pulses","280.0","Hectare","220.0","Tonnes","0.79","Tonnes/Hectare"
" 2019-20","Jharkhand","20","Saraikela Kharsawan","341","Kharif     ","101","Rice","Cereals","55120.0","Hectare","90397.0","Tonnes","1.64","Tonnes/Hectare"
" 2018-19","Gujarat","24","Gandhinagar","446","Summer     ","1001","Groundnut","Oilseeds","26.0","Hectare","56.0","Tonnes","2.15","Tonnes/Hectare"
" 2011-12","Madhya Pradesh","23","Betul","394","Whole Year ","708","Onion","Vegetable","487.0","Hectare","10311.0","Tonnes","21.17","Tonnes/Hectare"
" 2017-18","Assam","18","Bongaigaon","281","Kharif     ","1103","Mesta","Fiber Crops","360.0","Hectare","2356.0","Tonnes","6.54","Tonnes/Hectare"
" 2017-18","Maharashtra","27","Satara","494","Kharif     ","1009","Soyabean","Oilseeds","69700.0","Hectare","128500.0","Tonnes","1.84","Tonnes/Hectare"
" 1999-00","Rajasthan","8","Kota","109","Whole Year ","1401","Guar Seed","Fodder","1871.0","Hectare","1901.0","Tonnes","1.02","Tonnes/Hectare"
" 2017-18","Chhattisgarh","22","Korba","383","Rabi       ","288","Other  Rabi Pulses","Pulses","94.0","Hectare","28.0","Tonnes","0.3","Tonnes/Hectare"
" 2014-15","Tamil Nadu","33","Pudukkottai","582","Rabi       ","105","Ragi","Cereals","3.0","Hectare","13.0","Tonnes","4.33","Tonnes/Hectare"
" 2019-20","Telangana","36","Warangal","522","Kharif     ","1001","Groundnut","Oilseeds","2560.0","Hectare","8610.0","Tonnes","3.36","Tonnes/Hectare"
" 2006-07","Manipur","14","Ukhrul","260","Kharif     ","104","Maize","Cereals","1310.0","Hectare","3080.0","Tonnes","2.35","Tonnes/Hectare"
" 2003-04","Bihar","10","Gopalganj","197","Kharif     ","104","Maize","Cereals","11069.0","Hectare","13453.0","Tonnes","1.22","Tonnes/Hectare"
" 2002-03","Uttarakhand","5","Pithoragarh","53","Kharif     ","105","Ragi","Cereals","9135.0","Hectare","11710.0","Tonnes","1.28","Tonnes/Hectare"
" 1998-99","Rajasthan","8","Jodhpur","107","Rabi       ","1007","Sunflower","Oilseeds","57.0","Hectare","6.0","Tonnes","0.11","Tonnes/Hectare"
" 2000-01","Odisha","21","Dhenkanal","352","Whole Year ","401","Sugarcane","Sugar","554.0","Hectare","29170.9","Tonnes","52.66","Tonnes/Hectare"
" 2011-12","Chhattisgarh","22","Kabirdham","382","Whole Year ","606","Banana","Fruits","18.0","Hectare","549.0","Tonnes","30.5","Tonnes/Hectare"
" 2010-11","Andhra Pradesh","28","Kurnool","511","Kharif     ","1003","Sesamum","Oilseeds","66.0","Hectare","11.0","Tonnes","0.17","Tonnes/Hectare"
" 2019-20","Rajasthan","8","Alwar","87","Kharif     ","101","Rice","Cereals","89.0","Hectare","195.0","Tonnes","2.19","Tonnes/Hectare"
" 2004-05","Chhattisgarh","22","Dakshin Bastar Dantewada","376","Rabi       ","106","Wheat","Cereals","8.0","Hectare","6.0","Tonnes","0.75","Tonnes/Hectare"
" 2009-10","Madhya Pradesh","23","Dindori","404","Whole Year ","1004","Rapeseed &Mustard","Oilseeds","17209.0","Hectare","9714.0","Tonnes","0.56","Tonnes/Hectare"
" 2015-16","West Bengal","19","Howrah","313","Summer     ","101","Rice","Cereals","41173.0","Hectare","126436.0","Tonnes","3.07","Tonnes/Hectare"